Participants,Points per min
s1859436,8.683503493
s1893924,12.34113712
s1905397,7.52980548
s1916544,12.0527307
s1934526,14.06740632
s1954039,40.82966688
s2076857,9.335006274
s2097650,13.958159